{
  "logreg": {
    "accuracy": 0.9032258064516129,
    "recall": 0.9444444444444444,
    "f1": 0.9444444444444444,
    "roc_auc": 0.9467592592592593
  },
  "knn": {
    "accuracy": 0.8870967741935484,
    "recall": 0.9444444444444444,
    "f1": 0.9357798165137615,
    "roc_auc": 0.9039351851851851
  },
  "rf": {
    "accuracy": 0.8870967741935484,
    "recall": 0.9259259259259259,
    "f1": 0.9345794392523364,
    "roc_auc": 0.9444444444444444
  },
  "rf_grid": {
    "accuracy": 0.8548387096774194,
    "recall": 0.9444444444444444,
    "f1": 0.918918918918919,
    "roc_auc": 0.9490740740740741
  }
}